{
    "counter": {
        "ACTIVE": 9817,
        "INACTIVE": 3618,
        "INVALID": 0,
        "MALICIOUS": 0,
        "SANE": 0,
        "VALID": 0,
        "total": 13435
    },
    "percentage": {
        "ACTIVE": 73.0703386676591,
        "INACTIVE": 26.93567599761763,
        "INVALID": 0,
        "MALICIOUS": 0,
        "SANE": 0,
        "VALID": 0,
        "total": 100.00601466527672
    }
}