{
    "counter": {
        "ACTIVE": 8876,
        "INACTIVE": 2884,
        "INVALID": 0,
        "MALICIOUS": 0,
        "SANE": 0,
        "VALID": 0,
        "total": 11760
    },
    "percentage": {
        "ACTIVE": 76.33955448524985,
        "INACTIVE": 24.523809523809526,
        "INVALID": 0,
        "MALICIOUS": 0,
        "SANE": 0,
        "VALID": 0,
        "total": 100.86336400905938
    }
}