{
    "counter": {
        "ACTIVE": 27052,
        "INACTIVE": 8439,
        "INVALID": 0,
        "MALICIOUS": 0,
        "SANE": 0,
        "VALID": 0,
        "total": 35491
    },
    "percentage": {
        "ACTIVE": 76.22214082443436,
        "INACTIVE": 23.7812094910669,
        "INVALID": 0,
        "MALICIOUS": 0,
        "SANE": 0,
        "VALID": 0,
        "total": 100.00335031550127
    }
}