{
    "counter": {
        "ACTIVE": 24569,
        "INACTIVE": 7997,
        "INVALID": 0,
        "MALICIOUS": 0,
        "SANE": 0,
        "VALID": 0,
        "total": 32566
    },
    "percentage": {
        "ACTIVE": 75.44371430326107,
        "INACTIVE": 24.560056509320965,
        "INVALID": 0,
        "MALICIOUS": 0,
        "SANE": 0,
        "VALID": 0,
        "total": 100.00377081258205
    }
}