{
    "counter": {
        "ACTIVE": 1933,
        "INACTIVE": 540,
        "INVALID": 0,
        "MALICIOUS": 0,
        "SANE": 0,
        "VALID": 0,
        "total": 2473
    },
    "percentage": {
        "ACTIVE": 78.16417306914678,
        "INACTIVE": 21.844660194174757,
        "INVALID": 0,
        "MALICIOUS": 0,
        "SANE": 0,
        "VALID": 0,
        "total": 100.00883326332155
    }
}