{
    "counter": {
        "ACTIVE": 8876,
        "INACTIVE": 2792,
        "INVALID": 0,
        "MALICIOUS": 0,
        "SANE": 0,
        "VALID": 0,
        "total": 11668
    },
    "percentage": {
        "ACTIVE": 76.33955448524985,
        "INACTIVE": 23.92869386355845,
        "INVALID": 0,
        "MALICIOUS": 0,
        "SANE": 0,
        "VALID": 0,
        "total": 100.2682483488083
    }
}