{
    "counter": {
        "ACTIVE": 21484,
        "INACTIVE": 7377,
        "INVALID": 0,
        "MALICIOUS": 0,
        "SANE": 0,
        "VALID": 0,
        "total": 28861
    },
    "percentage": {
        "ACTIVE": 74.43955510897058,
        "INACTIVE": 25.56398794053436,
        "INVALID": 0,
        "MALICIOUS": 0,
        "SANE": 0,
        "VALID": 0,
        "total": 100.00354304950494
    }
}