{
    "counter": {
        "ACTIVE": 11371,
        "INACTIVE": 4025,
        "INVALID": 0,
        "MALICIOUS": 0,
        "SANE": 0,
        "VALID": 0,
        "total": 15396
    },
    "percentage": {
        "ACTIVE": 73.85684593400883,
        "INACTIVE": 26.14824920418372,
        "INVALID": 0,
        "MALICIOUS": 0,
        "SANE": 0,
        "VALID": 0,
        "total": 100.00509513819256
    }
}