{
    "counter": {
        "ACTIVE": 8184,
        "INACTIVE": 2533,
        "INVALID": 0,
        "MALICIOUS": 0,
        "SANE": 0,
        "VALID": 0,
        "total": 10717
    },
    "percentage": {
        "ACTIVE": 76.37178051511758,
        "INACTIVE": 23.63534571241952,
        "INVALID": 0,
        "MALICIOUS": 0,
        "SANE": 0,
        "VALID": 0,
        "total": 100.0071262275371
    }
}