{
    "counter": {
        "ACTIVE": 13452,
        "INACTIVE": 4395,
        "INVALID": 0,
        "MALICIOUS": 0,
        "SANE": 0,
        "VALID": 0,
        "total": 17847
    },
    "percentage": {
        "ACTIVE": 75.3740124390654,
        "INACTIVE": 24.721565980425243,
        "INVALID": 0,
        "MALICIOUS": 0,
        "SANE": 0,
        "VALID": 0,
        "total": 100.09557841949064
    }
}