{
    "counter": {
        "ACTIVE": 280,
        "INACTIVE": 66,
        "INVALID": 0,
        "MALICIOUS": 0,
        "SANE": 0,
        "VALID": 0,
        "total": 346
    },
    "percentage": {
        "ACTIVE": 80.92485549132948,
        "INACTIVE": 19.130434782608695,
        "INVALID": 0,
        "MALICIOUS": 0,
        "SANE": 0,
        "VALID": 0,
        "total": 100.05529027393817
    }
}