{
    "counter": {
        "ACTIVE": 31000,
        "INACTIVE": 8850,
        "INVALID": 0,
        "MALICIOUS": 0,
        "SANE": 0,
        "VALID": 0,
        "total": 39850
    },
    "percentage": {
        "ACTIVE": 77.79171894604768,
        "INACTIVE": 22.211625338821403,
        "INVALID": 0,
        "MALICIOUS": 0,
        "SANE": 0,
        "VALID": 0,
        "total": 100.00334428486909
    }
}