{
    "counter": {
        "ACTIVE": 17733,
        "INACTIVE": 5643,
        "INVALID": 0,
        "MALICIOUS": 0,
        "SANE": 0,
        "VALID": 0,
        "total": 23376
    },
    "percentage": {
        "ACTIVE": 75.85985626283367,
        "INACTIVE": 24.142209292376144,
        "INVALID": 0,
        "MALICIOUS": 0,
        "SANE": 0,
        "VALID": 0,
        "total": 100.00206555520981
    }
}