{
    "counter": {
        "ACTIVE": 4743,
        "INACTIVE": 1440,
        "INVALID": 0,
        "MALICIOUS": 0,
        "SANE": 0,
        "VALID": 0,
        "total": 6183
    },
    "percentage": {
        "ACTIVE": 76.7103347889374,
        "INACTIVE": 23.293432546101585,
        "INVALID": 0,
        "MALICIOUS": 0,
        "SANE": 0,
        "VALID": 0,
        "total": 100.00376733503899
    }
}