{
    "counter": {
        "ACTIVE": 14359,
        "INACTIVE": 4682,
        "INVALID": 0,
        "MALICIOUS": 0,
        "SANE": 0,
        "VALID": 0,
        "total": 19041
    },
    "percentage": {
        "ACTIVE": 75.4228385334594,
        "INACTIVE": 24.58904469303083,
        "INVALID": 0,
        "MALICIOUS": 0,
        "SANE": 0,
        "VALID": 0,
        "total": 100.01188322649023
    }
}