{
    "counter": {
        "ACTIVE": 16218,
        "INACTIVE": 5011,
        "INVALID": 0,
        "MALICIOUS": 0,
        "SANE": 0,
        "VALID": 0,
        "total": 21229
    },
    "percentage": {
        "ACTIVE": 76.39549672617646,
        "INACTIVE": 23.605615225174297,
        "INVALID": 0,
        "MALICIOUS": 0,
        "SANE": 0,
        "VALID": 0,
        "total": 100.00111195135077
    }
}