{
    "counter": {
        "ACTIVE": 4181,
        "INACTIVE": 1198,
        "INVALID": 0,
        "MALICIOUS": 0,
        "SANE": 0,
        "VALID": 0,
        "total": 5379
    },
    "percentage": {
        "ACTIVE": 77.75711363213688,
        "INACTIVE": 22.271797731920433,
        "INVALID": 0,
        "MALICIOUS": 0,
        "SANE": 0,
        "VALID": 0,
        "total": 100.02891136405731
    }
}