{
    "counter": {
        "ACTIVE": 18750,
        "INACTIVE": 6335,
        "INVALID": 0,
        "MALICIOUS": 0,
        "SANE": 0,
        "VALID": 0,
        "total": 25085
    },
    "percentage": {
        "ACTIVE": 74.74586406218856,
        "INACTIVE": 25.725888324873097,
        "INVALID": 0,
        "MALICIOUS": 0,
        "SANE": 0,
        "VALID": 0,
        "total": 100.47175238706166
    }
}