{
    "counter": {
        "ACTIVE": 4995,
        "INACTIVE": 1495,
        "INVALID": 0,
        "MALICIOUS": 0,
        "SANE": 0,
        "VALID": 0,
        "total": 6490
    },
    "percentage": {
        "ACTIVE": 76.98828606658446,
        "INACTIVE": 23.035439137134052,
        "INVALID": 0,
        "MALICIOUS": 0,
        "SANE": 0,
        "VALID": 0,
        "total": 100.02372520371851
    }
}