{
    "counter": {
        "ACTIVE": 4409,
        "INACTIVE": 1258,
        "INVALID": 0,
        "MALICIOUS": 0,
        "SANE": 0,
        "VALID": 0,
        "total": 5667
    },
    "percentage": {
        "ACTIVE": 77.80130580554085,
        "INACTIVE": 22.20261207200847,
        "INVALID": 0,
        "MALICIOUS": 0,
        "SANE": 0,
        "VALID": 0,
        "total": 100.00391787754933
    }
}