{
    "counter": {
        "ACTIVE": 2726,
        "INACTIVE": 671,
        "INVALID": 0,
        "MALICIOUS": 0,
        "SANE": 0,
        "VALID": 0,
        "total": 3397
    },
    "percentage": {
        "ACTIVE": 80.2472770091257,
        "INACTIVE": 19.776009431181844,
        "INVALID": 0,
        "MALICIOUS": 0,
        "SANE": 0,
        "VALID": 0,
        "total": 100.02328644030754
    }
}