{
    "counter": {
        "ACTIVE": 11008,
        "INACTIVE": 3932,
        "INVALID": 0,
        "MALICIOUS": 0,
        "SANE": 0,
        "VALID": 0,
        "total": 14940
    },
    "percentage": {
        "ACTIVE": 73.68139223560911,
        "INACTIVE": 26.357420565759487,
        "INVALID": 0,
        "MALICIOUS": 0,
        "SANE": 0,
        "VALID": 0,
        "total": 100.03881280136859
    }
}