{
    "counter": {
        "ACTIVE": 31845,
        "INACTIVE": 8970,
        "INVALID": 1,
        "MALICIOUS": 0,
        "SANE": 0,
        "VALID": 0,
        "total": 40816
    },
    "percentage": {
        "ACTIVE": 78.02087416699334,
        "INACTIVE": 21.97882975595413,
        "INVALID": 0.0024500796275878966,
        "MALICIOUS": 0,
        "SANE": 0,
        "VALID": 0,
        "total": 100.00215400257507
    }
}