{
    "counter": {
        "ACTIVE": 10891,
        "INACTIVE": 3904,
        "INVALID": 0,
        "MALICIOUS": 0,
        "SANE": 0,
        "VALID": 0,
        "total": 14795
    },
    "percentage": {
        "ACTIVE": 73.61768284439637,
        "INACTIVE": 26.387293004393378,
        "INVALID": 0,
        "MALICIOUS": 0,
        "SANE": 0,
        "VALID": 0,
        "total": 100.00497584878974
    }
}