{
    "counter": {
        "ACTIVE": 7079,
        "INACTIVE": 2301,
        "INVALID": 0,
        "MALICIOUS": 0,
        "SANE": 0,
        "VALID": 0,
        "total": 9380
    },
    "percentage": {
        "ACTIVE": 75.47712975796993,
        "INACTIVE": 24.53091684434968,
        "INVALID": 0,
        "MALICIOUS": 0,
        "SANE": 0,
        "VALID": 0,
        "total": 100.00804660231961
    }
}