{
    "counter": {
        "ACTIVE": 28740,
        "INACTIVE": 8723,
        "INVALID": 0,
        "MALICIOUS": 0,
        "SANE": 0,
        "VALID": 0,
        "total": 37463
    },
    "percentage": {
        "ACTIVE": 76.71569281691269,
        "INACTIVE": 23.28555030565121,
        "INVALID": 0,
        "MALICIOUS": 0,
        "SANE": 0,
        "VALID": 0,
        "total": 100.0012431225639
    }
}