{
    "counter": {
        "ACTIVE": 21594,
        "INACTIVE": 7411,
        "INVALID": 0,
        "MALICIOUS": 0,
        "SANE": 0,
        "VALID": 0,
        "total": 29005
    },
    "percentage": {
        "ACTIVE": 74.44923289088088,
        "INACTIVE": 25.564869433233294,
        "INVALID": 0,
        "MALICIOUS": 0,
        "SANE": 0,
        "VALID": 0,
        "total": 100.01410232411418
    }
}