{
    "counter": {
        "ACTIVE": 14071,
        "INACTIVE": 4574,
        "INVALID": 0,
        "MALICIOUS": 0,
        "SANE": 0,
        "VALID": 0,
        "total": 18645
    },
    "percentage": {
        "ACTIVE": 75.47200171636987,
        "INACTIVE": 24.532046124966477,
        "INVALID": 0,
        "MALICIOUS": 0,
        "SANE": 0,
        "VALID": 0,
        "total": 100.00404784133636
    }
}