{
    "counter": {
        "ACTIVE": 26291,
        "INACTIVE": 8343,
        "INVALID": 0,
        "MALICIOUS": 0,
        "SANE": 0,
        "VALID": 0,
        "total": 34634
    },
    "percentage": {
        "ACTIVE": 75.9109545533291,
        "INACTIVE": 24.098090754166545,
        "INVALID": 0,
        "MALICIOUS": 0,
        "SANE": 0,
        "VALID": 0,
        "total": 100.00904530749565
    }
}