{
    "counter": {
        "ACTIVE": 23439,
        "INACTIVE": 7806,
        "INVALID": 0,
        "MALICIOUS": 0,
        "SANE": 0,
        "VALID": 0,
        "total": 31245
    },
    "percentage": {
        "ACTIVE": 75.01680268843015,
        "INACTIVE": 25.089997428644896,
        "INVALID": 0,
        "MALICIOUS": 0,
        "SANE": 0,
        "VALID": 0,
        "total": 100.10680011707504
    }
}