{
    "counter": {
        "ACTIVE": 16832,
        "INACTIVE": 5182,
        "INVALID": 0,
        "MALICIOUS": 0,
        "SANE": 0,
        "VALID": 0,
        "total": 22014
    },
    "percentage": {
        "ACTIVE": 76.46043426910148,
        "INACTIVE": 23.54063507927134,
        "INVALID": 0,
        "MALICIOUS": 0,
        "SANE": 0,
        "VALID": 0,
        "total": 100.00106934837282
    }
}