{
    "counter": {
        "ACTIVE": 11119,
        "INACTIVE": 3956,
        "INVALID": 0,
        "MALICIOUS": 0,
        "SANE": 0,
        "VALID": 0,
        "total": 15075
    },
    "percentage": {
        "ACTIVE": 73.75787728026533,
        "INACTIVE": 26.259541984732824,
        "INVALID": 0,
        "MALICIOUS": 0,
        "SANE": 0,
        "VALID": 0,
        "total": 100.01741926499815
    }
}