{
    "counter": {
        "ACTIVE": 6834,
        "INACTIVE": 2232,
        "INVALID": 0,
        "MALICIOUS": 0,
        "SANE": 0,
        "VALID": 0,
        "total": 9066
    },
    "percentage": {
        "ACTIVE": 75.3888582460011,
        "INACTIVE": 24.619457313037724,
        "INVALID": 0,
        "MALICIOUS": 0,
        "SANE": 0,
        "VALID": 0,
        "total": 100.00831555903883
    }
}