{
    "counter": {
        "ACTIVE": 18962,
        "INACTIVE": 6454,
        "INVALID": 0,
        "MALICIOUS": 0,
        "SANE": 0,
        "VALID": 0,
        "total": 25416
    },
    "percentage": {
        "ACTIVE": 74.60654705697199,
        "INACTIVE": 25.395451326040764,
        "INVALID": 0,
        "MALICIOUS": 0,
        "SANE": 0,
        "VALID": 0,
        "total": 100.00199838301276
    }
}