{
    "counter": {
        "ACTIVE": 8940,
        "INACTIVE": 3311,
        "INVALID": 0,
        "MALICIOUS": 0,
        "SANE": 0,
        "VALID": 0,
        "total": 12251
    },
    "percentage": {
        "ACTIVE": 72.97363480532202,
        "INACTIVE": 27.037399967336274,
        "INVALID": 0,
        "MALICIOUS": 0,
        "SANE": 0,
        "VALID": 0,
        "total": 100.01103477265829
    }
}