{
    "counter": {
        "ACTIVE": 6141,
        "INACTIVE": 1958,
        "INVALID": 0,
        "MALICIOUS": 0,
        "SANE": 0,
        "VALID": 0,
        "total": 8099
    },
    "percentage": {
        "ACTIVE": 75.88039046089213,
        "INACTIVE": 24.175824175824175,
        "INVALID": 0,
        "MALICIOUS": 0,
        "SANE": 0,
        "VALID": 0,
        "total": 100.0562146367163
    }
}