{
    "counter": {
        "ACTIVE": 15040,
        "INACTIVE": 4701,
        "INVALID": 0,
        "MALICIOUS": 0,
        "SANE": 0,
        "VALID": 0,
        "total": 19741
    },
    "percentage": {
        "ACTIVE": 76.1866166860848,
        "INACTIVE": 23.818209454324364,
        "INVALID": 0,
        "MALICIOUS": 0,
        "SANE": 0,
        "VALID": 0,
        "total": 100.00482614040916
    }
}