{
    "counter": {
        "ACTIVE": 5705,
        "INACTIVE": 1747,
        "INVALID": 0,
        "MALICIOUS": 0,
        "SANE": 0,
        "VALID": 0,
        "total": 7452
    },
    "percentage": {
        "ACTIVE": 76.55662909286097,
        "INACTIVE": 23.46541302887844,
        "INVALID": 0,
        "MALICIOUS": 0,
        "SANE": 0,
        "VALID": 0,
        "total": 100.02204212173942
    }
}