{
    "counter": {
        "ACTIVE": 5911,
        "INACTIVE": 1843,
        "INVALID": 0,
        "MALICIOUS": 0,
        "SANE": 0,
        "VALID": 0,
        "total": 7754
    },
    "percentage": {
        "ACTIVE": 76.23162238844468,
        "INACTIVE": 23.786783686112546,
        "INVALID": 0,
        "MALICIOUS": 0,
        "SANE": 0,
        "VALID": 0,
        "total": 100.01840607455722
    }
}