{
    "counter": {
        "ACTIVE": 8446,
        "INACTIVE": 2571,
        "INVALID": 0,
        "MALICIOUS": 0,
        "SANE": 0,
        "VALID": 0,
        "total": 11017
    },
    "percentage": {
        "ACTIVE": 76.67029774872913,
        "INACTIVE": 23.336661523100663,
        "INVALID": 0,
        "MALICIOUS": 0,
        "SANE": 0,
        "VALID": 0,
        "total": 100.00695927182979
    }
}