{
    "counter": {
        "ACTIVE": 2796,
        "INACTIVE": 749,
        "INVALID": 0,
        "MALICIOUS": 0,
        "SANE": 0,
        "VALID": 0,
        "total": 3545
    },
    "percentage": {
        "ACTIVE": 78.87165021156558,
        "INACTIVE": 21.13431151241535,
        "INVALID": 0,
        "MALICIOUS": 0,
        "SANE": 0,
        "VALID": 0,
        "total": 100.00596172398093
    }
}