{
    "counter": {
        "ACTIVE": 15160,
        "INACTIVE": 4742,
        "INVALID": 0,
        "MALICIOUS": 0,
        "SANE": 0,
        "VALID": 0,
        "total": 19902
    },
    "percentage": {
        "ACTIVE": 76.17324891970657,
        "INACTIVE": 23.829145728643216,
        "INVALID": 0,
        "MALICIOUS": 0,
        "SANE": 0,
        "VALID": 0,
        "total": 100.00239464834978
    }
}