{
    "counter": {
        "ACTIVE": 23636,
        "INACTIVE": 7881,
        "INVALID": 0,
        "MALICIOUS": 0,
        "SANE": 0,
        "VALID": 0,
        "total": 31517
    },
    "percentage": {
        "ACTIVE": 74.99444744106356,
        "INACTIVE": 25.009520182787508,
        "INVALID": 0,
        "MALICIOUS": 0,
        "SANE": 0,
        "VALID": 0,
        "total": 100.00396762385107
    }
}