{
    "counter": {
        "ACTIVE": 13531,
        "INACTIVE": 4404,
        "INVALID": 0,
        "MALICIOUS": 0,
        "SANE": 0,
        "VALID": 0,
        "total": 17935
    },
    "percentage": {
        "ACTIVE": 75.444661276833,
        "INACTIVE": 24.55670792907327,
        "INVALID": 0,
        "MALICIOUS": 0,
        "SANE": 0,
        "VALID": 0,
        "total": 100.00136920590627
    }
}