{
    "counter": {
        "ACTIVE": 22991,
        "INACTIVE": 7588,
        "INVALID": 0,
        "MALICIOUS": 0,
        "SANE": 0,
        "VALID": 0,
        "total": 30579
    },
    "percentage": {
        "ACTIVE": 75.18558487851139,
        "INACTIVE": 24.816849816849818,
        "INVALID": 0,
        "MALICIOUS": 0,
        "SANE": 0,
        "VALID": 0,
        "total": 100.00243469536122
    }
}