{
    "counter": {
        "ACTIVE": 20899,
        "INACTIVE": 7142,
        "INVALID": 0,
        "MALICIOUS": 0,
        "SANE": 0,
        "VALID": 0,
        "total": 28041
    },
    "percentage": {
        "ACTIVE": 74.53546845465245,
        "INACTIVE": 25.469847722977068,
        "INVALID": 0,
        "MALICIOUS": 0,
        "SANE": 0,
        "VALID": 0,
        "total": 100.00531617762951
    }
}