{
    "counter": {
        "ACTIVE": 13710,
        "INACTIVE": 4439,
        "INVALID": 0,
        "MALICIOUS": 0,
        "SANE": 0,
        "VALID": 0,
        "total": 18149
    },
    "percentage": {
        "ACTIVE": 75.54551465726252,
        "INACTIVE": 24.458647859386193,
        "INVALID": 0,
        "MALICIOUS": 0,
        "SANE": 0,
        "VALID": 0,
        "total": 100.0041625166487
    }
}