{
    "counter": {
        "ACTIVE": 2893,
        "INACTIVE": 770,
        "INVALID": 0,
        "MALICIOUS": 0,
        "SANE": 0,
        "VALID": 0,
        "total": 3663
    },
    "percentage": {
        "ACTIVE": 78.97897897897897,
        "INACTIVE": 21.038251366120218,
        "INVALID": 0,
        "MALICIOUS": 0,
        "SANE": 0,
        "VALID": 0,
        "total": 100.0172303450992
    }
}