{
    "counter": {
        "ACTIVE": 19184,
        "INACTIVE": 6769,
        "INVALID": 0,
        "MALICIOUS": 0,
        "SANE": 0,
        "VALID": 0,
        "total": 25953
    },
    "percentage": {
        "ACTIVE": 74.16972743089117,
        "INACTIVE": 26.08176318730012,
        "INVALID": 0,
        "MALICIOUS": 0,
        "SANE": 0,
        "VALID": 0,
        "total": 100.2514906181913
    }
}