{
    "counter": {
        "ACTIVE": 9033,
        "INACTIVE": 3339,
        "INVALID": 0,
        "MALICIOUS": 0,
        "SANE": 0,
        "VALID": 0,
        "total": 12372
    },
    "percentage": {
        "ACTIVE": 73.01163918525704,
        "INACTIVE": 27.003639304488477,
        "INVALID": 0,
        "MALICIOUS": 0,
        "SANE": 0,
        "VALID": 0,
        "total": 100.01527848974551
    }
}