{
    "counter": {
        "ACTIVE": 11948,
        "INACTIVE": 4123,
        "INVALID": 0,
        "MALICIOUS": 0,
        "SANE": 0,
        "VALID": 0,
        "total": 16071
    },
    "percentage": {
        "ACTIVE": 74.34509364694169,
        "INACTIVE": 25.662890576372465,
        "INVALID": 0,
        "MALICIOUS": 0,
        "SANE": 0,
        "VALID": 0,
        "total": 100.00798422331415
    }
}