{
    "counter": {
        "ACTIVE": 4654,
        "INACTIVE": 1404,
        "INVALID": 0,
        "MALICIOUS": 0,
        "SANE": 0,
        "VALID": 0,
        "total": 6058
    },
    "percentage": {
        "ACTIVE": 76.82403433476395,
        "INACTIVE": 23.210448007935195,
        "INVALID": 0,
        "MALICIOUS": 0,
        "SANE": 0,
        "VALID": 0,
        "total": 100.03448234269915
    }
}