{
    "counter": {
        "ACTIVE": 5594,
        "INACTIVE": 1723,
        "INVALID": 0,
        "MALICIOUS": 0,
        "SANE": 0,
        "VALID": 0,
        "total": 7317
    },
    "percentage": {
        "ACTIVE": 76.45209785431187,
        "INACTIVE": 23.567227465463002,
        "INVALID": 0,
        "MALICIOUS": 0,
        "SANE": 0,
        "VALID": 0,
        "total": 100.01932531977488
    }
}