{
    "counter": {
        "ACTIVE": 3976,
        "INACTIVE": 1128,
        "INVALID": 0,
        "MALICIOUS": 0,
        "SANE": 0,
        "VALID": 0,
        "total": 5104
    },
    "percentage": {
        "ACTIVE": 77.89968652037618,
        "INACTIVE": 22.113311115467557,
        "INVALID": 0,
        "MALICIOUS": 0,
        "SANE": 0,
        "VALID": 0,
        "total": 100.01299763584373
    }
}