{
    "counter": {
        "ACTIVE": 16102,
        "INACTIVE": 4988,
        "INVALID": 0,
        "MALICIOUS": 0,
        "SANE": 0,
        "VALID": 0,
        "total": 21090
    },
    "percentage": {
        "ACTIVE": 76.34898055950687,
        "INACTIVE": 23.65550602295362,
        "INVALID": 0,
        "MALICIOUS": 0,
        "SANE": 0,
        "VALID": 0,
        "total": 100.00448658246049
    }
}