{
    "counter": {
        "ACTIVE": 18846,
        "INACTIVE": 6339,
        "INVALID": 0,
        "MALICIOUS": 0,
        "SANE": 0,
        "VALID": 0,
        "total": 25185
    },
    "percentage": {
        "ACTIVE": 74.8302561048243,
        "INACTIVE": 25.247938821842514,
        "INVALID": 0,
        "MALICIOUS": 0,
        "SANE": 0,
        "VALID": 0,
        "total": 100.07819492666681
    }
}