{
    "counter": {
        "ACTIVE": 5414,
        "INACTIVE": 1626,
        "INVALID": 0,
        "MALICIOUS": 0,
        "SANE": 0,
        "VALID": 0,
        "total": 7040
    },
    "percentage": {
        "ACTIVE": 76.9034090909091,
        "INACTIVE": 23.106437402302117,
        "INVALID": 0,
        "MALICIOUS": 0,
        "SANE": 0,
        "VALID": 0,
        "total": 100.00984649321121
    }
}