{
    "counter": {
        "ACTIVE": 7719,
        "INACTIVE": 2403,
        "INVALID": 0,
        "MALICIOUS": 0,
        "SANE": 0,
        "VALID": 0,
        "total": 10122
    },
    "percentage": {
        "ACTIVE": 76.25963248369888,
        "INACTIVE": 23.747405870145272,
        "INVALID": 0,
        "MALICIOUS": 0,
        "SANE": 0,
        "VALID": 0,
        "total": 100.00703835384415
    }
}