{
    "counter": {
        "ACTIVE": 15599,
        "INACTIVE": 4854,
        "INVALID": 0,
        "MALICIOUS": 0,
        "SANE": 0,
        "VALID": 0,
        "total": 20453
    },
    "percentage": {
        "ACTIVE": 76.28618935837245,
        "INACTIVE": 23.732459785850487,
        "INVALID": 0,
        "MALICIOUS": 0,
        "SANE": 0,
        "VALID": 0,
        "total": 100.01864914422293
    }
}