{
    "counter": {
        "ACTIVE": 17968,
        "INACTIVE": 5684,
        "INVALID": 0,
        "MALICIOUS": 0,
        "SANE": 0,
        "VALID": 0,
        "total": 23652
    },
    "percentage": {
        "ACTIVE": 75.96820564857094,
        "INACTIVE": 24.0338266384778,
        "INVALID": 0,
        "MALICIOUS": 0,
        "SANE": 0,
        "VALID": 0,
        "total": 100.00203228704875
    }
}