{
    "counter": {
        "ACTIVE": 32734,
        "INACTIVE": 9301,
        "INVALID": 4,
        "MALICIOUS": 0,
        "SANE": 0,
        "VALID": 0,
        "total": 42039
    },
    "percentage": {
        "ACTIVE": 77.86579128904113,
        "INACTIVE": 22.125746366296358,
        "INVALID": 0.009763718023823472,
        "MALICIOUS": 0,
        "SANE": 0,
        "VALID": 0,
        "total": 100.0013013733613
    }
}