{
    "counter": {
        "ACTIVE": 20094,
        "INACTIVE": 7067,
        "INVALID": 0,
        "MALICIOUS": 0,
        "SANE": 0,
        "VALID": 0,
        "total": 27161
    },
    "percentage": {
        "ACTIVE": 73.98107580722359,
        "INACTIVE": 26.5526958482059,
        "INVALID": 0,
        "MALICIOUS": 0,
        "SANE": 0,
        "VALID": 0,
        "total": 100.53377165542949
    }
}