{
    "counter": {
        "ACTIVE": 21919,
        "INACTIVE": 7451,
        "INVALID": 0,
        "MALICIOUS": 0,
        "SANE": 0,
        "VALID": 0,
        "total": 29370
    },
    "percentage": {
        "ACTIVE": 74.63057541709227,
        "INACTIVE": 25.372016208669596,
        "INVALID": 0,
        "MALICIOUS": 0,
        "SANE": 0,
        "VALID": 0,
        "total": 100.00259162576187
    }
}