{
    "counter": {
        "ACTIVE": 23153,
        "INACTIVE": 7753,
        "INVALID": 0,
        "MALICIOUS": 0,
        "SANE": 0,
        "VALID": 0,
        "total": 30906
    },
    "percentage": {
        "ACTIVE": 74.92637778712663,
        "INACTIVE": 25.085743868504498,
        "INVALID": 0,
        "MALICIOUS": 0,
        "SANE": 0,
        "VALID": 0,
        "total": 100.01212165563112
    }
}