{
    "counter": {
        "ACTIVE": 11374,
        "INACTIVE": 4025,
        "INVALID": 0,
        "MALICIOUS": 0,
        "SANE": 0,
        "VALID": 0,
        "total": 15399
    },
    "percentage": {
        "ACTIVE": 73.8619390869537,
        "INACTIVE": 26.14824920418372,
        "INVALID": 0,
        "MALICIOUS": 0,
        "SANE": 0,
        "VALID": 0,
        "total": 100.01018829113741
    }
}