{
    "counter": {
        "ACTIVE": 19144,
        "INACTIVE": 6552,
        "INVALID": 0,
        "MALICIOUS": 0,
        "SANE": 0,
        "VALID": 0,
        "total": 25696
    },
    "percentage": {
        "ACTIVE": 74.54248111517795,
        "INACTIVE": 25.49813200498132,
        "INVALID": 0,
        "MALICIOUS": 0,
        "SANE": 0,
        "VALID": 0,
        "total": 100.04061312015926
    }
}