{
    "counter": {
        "ACTIVE": 29141,
        "INACTIVE": 8761,
        "INVALID": 0,
        "MALICIOUS": 0,
        "SANE": 0,
        "VALID": 0,
        "total": 37902
    },
    "percentage": {
        "ACTIVE": 76.8851247955253,
        "INACTIVE": 23.120365238962343,
        "INVALID": 0,
        "MALICIOUS": 0,
        "SANE": 0,
        "VALID": 0,
        "total": 100.00549003448765
    }
}