{
    "counter": {
        "ACTIVE": 15260,
        "INACTIVE": 4774,
        "INVALID": 0,
        "MALICIOUS": 0,
        "SANE": 0,
        "VALID": 0,
        "total": 20034
    },
    "percentage": {
        "ACTIVE": 76.17051013277428,
        "INACTIVE": 23.83424862705941,
        "INVALID": 0,
        "MALICIOUS": 0,
        "SANE": 0,
        "VALID": 0,
        "total": 100.00475875983369
    }
}