{
    "counter": {
        "ACTIVE": 13023,
        "INACTIVE": 4312,
        "INVALID": 0,
        "MALICIOUS": 0,
        "SANE": 0,
        "VALID": 0,
        "total": 17335
    },
    "percentage": {
        "ACTIVE": 75.12546870493222,
        "INACTIVE": 24.878836833602584,
        "INVALID": 0,
        "MALICIOUS": 0,
        "SANE": 0,
        "VALID": 0,
        "total": 100.0043055385348
    }
}