{
    "counter": {
        "ACTIVE": 18495,
        "INACTIVE": 6335,
        "INVALID": 0,
        "MALICIOUS": 0,
        "SANE": 0,
        "VALID": 0,
        "total": 24830
    },
    "percentage": {
        "ACTIVE": 74.48650825614176,
        "INACTIVE": 25.725888324873097,
        "INVALID": 0,
        "MALICIOUS": 0,
        "SANE": 0,
        "VALID": 0,
        "total": 100.21239658101486
    }
}