{
    "counter": {
        "ACTIVE": 18608,
        "INACTIVE": 6335,
        "INVALID": 0,
        "MALICIOUS": 0,
        "SANE": 0,
        "VALID": 0,
        "total": 24943
    },
    "percentage": {
        "ACTIVE": 74.60209277151907,
        "INACTIVE": 25.725888324873097,
        "INVALID": 0,
        "MALICIOUS": 0,
        "SANE": 0,
        "VALID": 0,
        "total": 100.32798109639216
    }
}