{
    "counter": {
        "ACTIVE": 18398,
        "INACTIVE": 6335,
        "INVALID": 0,
        "MALICIOUS": 0,
        "SANE": 0,
        "VALID": 0,
        "total": 24733
    },
    "percentage": {
        "ACTIVE": 74.38644725670157,
        "INACTIVE": 25.725888324873097,
        "INVALID": 0,
        "MALICIOUS": 0,
        "SANE": 0,
        "VALID": 0,
        "total": 100.11233558157467
    }
}