{
    "counter": {
        "ACTIVE": 30209,
        "INACTIVE": 8834,
        "INVALID": 0,
        "MALICIOUS": 0,
        "SANE": 0,
        "VALID": 0,
        "total": 39043
    },
    "percentage": {
        "ACTIVE": 77.37366493353483,
        "INACTIVE": 23.01839595601647,
        "INVALID": 0,
        "MALICIOUS": 0,
        "SANE": 0,
        "VALID": 0,
        "total": 100.39206088955129
    }
}