{
    "counter": {
        "ACTIVE": 1447,
        "INACTIVE": 486,
        "INVALID": 0,
        "MALICIOUS": 0,
        "SANE": 0,
        "VALID": 0,
        "total": 1933
    },
    "percentage": {
        "ACTIVE": 74.85773409208484,
        "INACTIVE": 27.771428571428572,
        "INVALID": 0,
        "MALICIOUS": 0,
        "SANE": 0,
        "VALID": 0,
        "total": 102.62916266351341
    }
}