{
    "counter": {
        "ACTIVE": 6737,
        "INACTIVE": 2193,
        "INVALID": 0,
        "MALICIOUS": 0,
        "SANE": 0,
        "VALID": 0,
        "total": 8930
    },
    "percentage": {
        "ACTIVE": 75.46768231208692,
        "INACTIVE": 24.55767077267637,
        "INVALID": 0,
        "MALICIOUS": 0,
        "SANE": 0,
        "VALID": 0,
        "total": 100.0253530847633
    }
}