{
    "counter": {
        "ACTIVE": 6314,
        "INACTIVE": 2065,
        "INVALID": 0,
        "MALICIOUS": 0,
        "SANE": 0,
        "VALID": 0,
        "total": 8379
    },
    "percentage": {
        "ACTIVE": 75.35505430242273,
        "INACTIVE": 24.67734225621415,
        "INVALID": 0,
        "MALICIOUS": 0,
        "SANE": 0,
        "VALID": 0,
        "total": 100.03239655863688
    }
}