{
    "counter": {
        "ACTIVE": 31655,
        "INACTIVE": 8912,
        "INVALID": 0,
        "MALICIOUS": 0,
        "SANE": 0,
        "VALID": 0,
        "total": 40567
    },
    "percentage": {
        "ACTIVE": 78.03140483644341,
        "INACTIVE": 22.015810276679844,
        "INVALID": 0,
        "MALICIOUS": 0,
        "SANE": 0,
        "VALID": 0,
        "total": 100.04721511312326
    }
}