{
    "counter": {
        "ACTIVE": 11944,
        "INACTIVE": 4123,
        "INVALID": 0,
        "MALICIOUS": 0,
        "SANE": 0,
        "VALID": 0,
        "total": 16067
    },
    "percentage": {
        "ACTIVE": 74.33870666583681,
        "INACTIVE": 25.662890576372465,
        "INVALID": 0,
        "MALICIOUS": 0,
        "SANE": 0,
        "VALID": 0,
        "total": 100.00159724220927
    }
}