{
    "counter": {
        "ACTIVE": 17848,
        "INACTIVE": 5661,
        "INVALID": 0,
        "MALICIOUS": 0,
        "SANE": 0,
        "VALID": 0,
        "total": 23509
    },
    "percentage": {
        "ACTIVE": 75.9198604789655,
        "INACTIVE": 24.106800664310352,
        "INVALID": 0,
        "MALICIOUS": 0,
        "SANE": 0,
        "VALID": 0,
        "total": 100.02666114327586
    }
}