{
    "counter": {
        "ACTIVE": 29672,
        "INACTIVE": 8834,
        "INVALID": 0,
        "MALICIOUS": 0,
        "SANE": 0,
        "VALID": 0,
        "total": 38506
    },
    "percentage": {
        "ACTIVE": 77.05812081234093,
        "INACTIVE": 23.01839595601647,
        "INVALID": 0,
        "MALICIOUS": 0,
        "SANE": 0,
        "VALID": 0,
        "total": 100.07651676835741
    }
}