{
    "counter": {
        "ACTIVE": 20997,
        "INACTIVE": 7153,
        "INVALID": 0,
        "MALICIOUS": 0,
        "SANE": 0,
        "VALID": 0,
        "total": 28150
    },
    "percentage": {
        "ACTIVE": 74.58969804618117,
        "INACTIVE": 25.41120466091158,
        "INVALID": 0,
        "MALICIOUS": 0,
        "SANE": 0,
        "VALID": 0,
        "total": 100.00090270709275
    }
}