{
    "counter": {
        "ACTIVE": 17429,
        "INACTIVE": 5436,
        "INVALID": 0,
        "MALICIOUS": 0,
        "SANE": 0,
        "VALID": 0,
        "total": 22865
    },
    "percentage": {
        "ACTIVE": 76.22567242510387,
        "INACTIVE": 23.775367389783064,
        "INVALID": 0,
        "MALICIOUS": 0,
        "SANE": 0,
        "VALID": 0,
        "total": 100.00103981488692
    }
}