{
    "counter": {
        "ACTIVE": 23530,
        "INACTIVE": 7849,
        "INVALID": 0,
        "MALICIOUS": 0,
        "SANE": 0,
        "VALID": 0,
        "total": 31379
    },
    "percentage": {
        "ACTIVE": 74.9864559100035,
        "INACTIVE": 25.014341258206386,
        "INVALID": 0,
        "MALICIOUS": 0,
        "SANE": 0,
        "VALID": 0,
        "total": 100.00079716820989
    }
}