{
    "counter": {
        "ACTIVE": 15671,
        "INACTIVE": 4872,
        "INVALID": 0,
        "MALICIOUS": 0,
        "SANE": 0,
        "VALID": 0,
        "total": 20543
    },
    "percentage": {
        "ACTIVE": 76.29131979942554,
        "INACTIVE": 23.71610767658083,
        "INVALID": 0,
        "MALICIOUS": 0,
        "SANE": 0,
        "VALID": 0,
        "total": 100.00742747600637
    }
}