{
    "counter": {
        "ACTIVE": 20317,
        "INACTIVE": 7067,
        "INVALID": 0,
        "MALICIOUS": 0,
        "SANE": 0,
        "VALID": 0,
        "total": 27384
    },
    "percentage": {
        "ACTIVE": 74.1929593923459,
        "INACTIVE": 26.5526958482059,
        "INVALID": 0,
        "MALICIOUS": 0,
        "SANE": 0,
        "VALID": 0,
        "total": 100.7456552405518
    }
}