{
    "counter": {
        "ACTIVE": 23155,
        "INACTIVE": 7755,
        "INVALID": 0,
        "MALICIOUS": 0,
        "SANE": 0,
        "VALID": 0,
        "total": 30910
    },
    "percentage": {
        "ACTIVE": 74.91103202846975,
        "INACTIVE": 25.089779675822577,
        "INVALID": 0,
        "MALICIOUS": 0,
        "SANE": 0,
        "VALID": 0,
        "total": 100.00081170429232
    }
}