{
    "counter": {
        "ACTIVE": 23267,
        "INACTIVE": 7804,
        "INVALID": 0,
        "MALICIOUS": 0,
        "SANE": 0,
        "VALID": 0,
        "total": 31071
    },
    "percentage": {
        "ACTIVE": 74.88333172411573,
        "INACTIVE": 25.120710744865768,
        "INVALID": 0,
        "MALICIOUS": 0,
        "SANE": 0,
        "VALID": 0,
        "total": 100.00404246898151
    }
}