{
    "counter": {
        "ACTIVE": 8552,
        "INACTIVE": 2601,
        "INVALID": 0,
        "MALICIOUS": 0,
        "SANE": 0,
        "VALID": 0,
        "total": 11153
    },
    "percentage": {
        "ACTIVE": 76.67892046982874,
        "INACTIVE": 23.331539289558666,
        "INVALID": 0,
        "MALICIOUS": 0,
        "SANE": 0,
        "VALID": 0,
        "total": 100.0104597593874
    }
}