{
    "counter": {
        "ACTIVE": 12072,
        "INACTIVE": 4137,
        "INVALID": 0,
        "MALICIOUS": 0,
        "SANE": 0,
        "VALID": 0,
        "total": 16209
    },
    "percentage": {
        "ACTIVE": 74.47714232833611,
        "INACTIVE": 25.603416264389157,
        "INVALID": 0,
        "MALICIOUS": 0,
        "SANE": 0,
        "VALID": 0,
        "total": 100.08055859272527
    }
}