{
    "counter": {
        "ACTIVE": 19284,
        "INACTIVE": 6879,
        "INVALID": 0,
        "MALICIOUS": 0,
        "SANE": 0,
        "VALID": 0,
        "total": 26163
    },
    "percentage": {
        "ACTIVE": 73.70714367618392,
        "INACTIVE": 26.29486640418944,
        "INVALID": 0,
        "MALICIOUS": 0,
        "SANE": 0,
        "VALID": 0,
        "total": 100.00201008037337
    }
}