{
    "counter": {
        "ACTIVE": 6058,
        "INACTIVE": 1878,
        "INVALID": 0,
        "MALICIOUS": 0,
        "SANE": 0,
        "VALID": 0,
        "total": 7936
    },
    "percentage": {
        "ACTIVE": 76.33568548387096,
        "INACTIVE": 23.682219419924337,
        "INVALID": 0,
        "MALICIOUS": 0,
        "SANE": 0,
        "VALID": 0,
        "total": 100.0179049037953
    }
}