{
    "counter": {
        "ACTIVE": 14178,
        "INACTIVE": 4598,
        "INVALID": 0,
        "MALICIOUS": 0,
        "SANE": 0,
        "VALID": 0,
        "total": 18776
    },
    "percentage": {
        "ACTIVE": 75.51129100979975,
        "INACTIVE": 24.50306421529443,
        "INVALID": 0,
        "MALICIOUS": 0,
        "SANE": 0,
        "VALID": 0,
        "total": 100.01435522509418
    }
}