{
    "counter": {
        "ACTIVE": 25436,
        "INACTIVE": 8168,
        "INVALID": 0,
        "MALICIOUS": 0,
        "SANE": 0,
        "VALID": 0,
        "total": 33604
    },
    "percentage": {
        "ACTIVE": 75.69336983692418,
        "INACTIVE": 24.328349317924584,
        "INVALID": 0,
        "MALICIOUS": 0,
        "SANE": 0,
        "VALID": 0,
        "total": 100.02171915484877
    }
}