{
    "counter": {
        "ACTIVE": 8712,
        "INACTIVE": 2692,
        "INVALID": 0,
        "MALICIOUS": 0,
        "SANE": 0,
        "VALID": 0,
        "total": 11404
    },
    "percentage": {
        "ACTIVE": 76.39424763240969,
        "INACTIVE": 23.663853727144865,
        "INVALID": 0,
        "MALICIOUS": 0,
        "SANE": 0,
        "VALID": 0,
        "total": 100.05810135955456
    }
}