{
    "counter": {
        "ACTIVE": 3085,
        "INACTIVE": 846,
        "INVALID": 0,
        "MALICIOUS": 0,
        "SANE": 0,
        "VALID": 0,
        "total": 3931
    },
    "percentage": {
        "ACTIVE": 78.47875858560162,
        "INACTIVE": 21.554140127388536,
        "INVALID": 0,
        "MALICIOUS": 0,
        "SANE": 0,
        "VALID": 0,
        "total": 100.03289871299016
    }
}