{
    "counter": {
        "ACTIVE": 432,
        "INACTIVE": 255,
        "INVALID": 0,
        "MALICIOUS": 0,
        "SANE": 0,
        "VALID": 0,
        "total": 687
    },
    "percentage": {
        "ACTIVE": 62.88209606986899,
        "INACTIVE": 37.33528550512445,
        "INVALID": 0,
        "MALICIOUS": 0,
        "SANE": 0,
        "VALID": 0,
        "total": 100.21738157499345
    }
}