{
    "counter": {
        "ACTIVE": 18256,
        "INACTIVE": 6118,
        "INVALID": 0,
        "MALICIOUS": 0,
        "SANE": 0,
        "VALID": 0,
        "total": 24374
    },
    "percentage": {
        "ACTIVE": 74.97638506714854,
        "INACTIVE": 25.100516944284895,
        "INVALID": 0,
        "MALICIOUS": 0,
        "SANE": 0,
        "VALID": 0,
        "total": 100.07690201143343
    }
}