{
    "counter": {
        "ACTIVE": 831,
        "INACTIVE": 376,
        "INVALID": 0,
        "MALICIOUS": 0,
        "SANE": 0,
        "VALID": 0,
        "total": 1207
    },
    "percentage": {
        "ACTIVE": 68.84838442419222,
        "INACTIVE": 31.229235880398672,
        "INVALID": 0,
        "MALICIOUS": 0,
        "SANE": 0,
        "VALID": 0,
        "total": 100.0776203045909
    }
}