{
    "counter": {
        "ACTIVE": 6514,
        "INACTIVE": 2126,
        "INVALID": 0,
        "MALICIOUS": 0,
        "SANE": 0,
        "VALID": 0,
        "total": 8640
    },
    "percentage": {
        "ACTIVE": 75.39351851851852,
        "INACTIVE": 24.61217874507988,
        "INVALID": 0,
        "MALICIOUS": 0,
        "SANE": 0,
        "VALID": 0,
        "total": 100.00569726359839
    }
}