{
    "counter": {
        "ACTIVE": 550,
        "INACTIVE": 315,
        "INVALID": 0,
        "MALICIOUS": 0,
        "SANE": 0,
        "VALID": 0,
        "total": 865
    },
    "percentage": {
        "ACTIVE": 63.58381502890173,
        "INACTIVE": 36.58536585365854,
        "INVALID": 0,
        "MALICIOUS": 0,
        "SANE": 0,
        "VALID": 0,
        "total": 100.16918088256027
    }
}