{
    "counter": {
        "ACTIVE": 29844,
        "INACTIVE": 8834,
        "INVALID": 0,
        "MALICIOUS": 0,
        "SANE": 0,
        "VALID": 0,
        "total": 38678
    },
    "percentage": {
        "ACTIVE": 77.1601427167899,
        "INACTIVE": 23.01839595601647,
        "INVALID": 0,
        "MALICIOUS": 0,
        "SANE": 0,
        "VALID": 0,
        "total": 100.17853867280638
    }
}