{
    "counter": {
        "ACTIVE": 25742,
        "INACTIVE": 8169,
        "INVALID": 0,
        "MALICIOUS": 0,
        "SANE": 0,
        "VALID": 0,
        "total": 33911
    },
    "percentage": {
        "ACTIVE": 75.91047152841261,
        "INACTIVE": 24.111570247933884,
        "INVALID": 0,
        "MALICIOUS": 0,
        "SANE": 0,
        "VALID": 0,
        "total": 100.0220417763465
    }
}