{
    "counter": {
        "ACTIVE": 19673,
        "INACTIVE": 7067,
        "INVALID": 0,
        "MALICIOUS": 0,
        "SANE": 0,
        "VALID": 0,
        "total": 26740
    },
    "percentage": {
        "ACTIVE": 73.57142857142857,
        "INACTIVE": 26.5526958482059,
        "INVALID": 0,
        "MALICIOUS": 0,
        "SANE": 0,
        "VALID": 0,
        "total": 100.12412441963447
    }
}