{
    "counter": {
        "ACTIVE": 22559,
        "INACTIVE": 7497,
        "INVALID": 0,
        "MALICIOUS": 0,
        "SANE": 0,
        "VALID": 0,
        "total": 30056
    },
    "percentage": {
        "ACTIVE": 75.05656108597285,
        "INACTIVE": 25.387741280054183,
        "INVALID": 0,
        "MALICIOUS": 0,
        "SANE": 0,
        "VALID": 0,
        "total": 100.44430236602703
    }
}