{
    "counter": {
        "ACTIVE": 27727,
        "INACTIVE": 8576,
        "INVALID": 0,
        "MALICIOUS": 0,
        "SANE": 0,
        "VALID": 0,
        "total": 36303
    },
    "percentage": {
        "ACTIVE": 76.37660799382971,
        "INACTIVE": 23.722062403186545,
        "INVALID": 0,
        "MALICIOUS": 0,
        "SANE": 0,
        "VALID": 0,
        "total": 100.09867039701625
    }
}