{
    "counter": {
        "ACTIVE": 6317,
        "INACTIVE": 2065,
        "INVALID": 0,
        "MALICIOUS": 0,
        "SANE": 0,
        "VALID": 0,
        "total": 8382
    },
    "percentage": {
        "ACTIVE": 75.36387497017418,
        "INACTIVE": 24.67734225621415,
        "INVALID": 0,
        "MALICIOUS": 0,
        "SANE": 0,
        "VALID": 0,
        "total": 100.04121722638833
    }
}