{
    "counter": {
        "ACTIVE": 26583,
        "INACTIVE": 8398,
        "INVALID": 0,
        "MALICIOUS": 0,
        "SANE": 0,
        "VALID": 0,
        "total": 34981
    },
    "percentage": {
        "ACTIVE": 75.99268174151682,
        "INACTIVE": 24.05407727780483,
        "INVALID": 0,
        "MALICIOUS": 0,
        "SANE": 0,
        "VALID": 0,
        "total": 100.04675901932166
    }
}