{
    "counter": {
        "ACTIVE": 18102,
        "INACTIVE": 5716,
        "INVALID": 0,
        "MALICIOUS": 0,
        "SANE": 0,
        "VALID": 0,
        "total": 23818
    },
    "percentage": {
        "ACTIVE": 76.00134352170627,
        "INACTIVE": 23.99966410547088,
        "INVALID": 0,
        "MALICIOUS": 0,
        "SANE": 0,
        "VALID": 0,
        "total": 100.00100762717716
    }
}