{
    "counter": {
        "ACTIVE": 1806,
        "INACTIVE": 513,
        "INVALID": 0,
        "MALICIOUS": 0,
        "SANE": 0,
        "VALID": 0,
        "total": 2319
    },
    "percentage": {
        "ACTIVE": 77.8783958602846,
        "INACTIVE": 22.131147540983605,
        "INVALID": 0,
        "MALICIOUS": 0,
        "SANE": 0,
        "VALID": 0,
        "total": 100.0095434012682
    }
}