{
    "counter": {
        "ACTIVE": 27563,
        "INACTIVE": 8575,
        "INVALID": 0,
        "MALICIOUS": 0,
        "SANE": 0,
        "VALID": 0,
        "total": 36138
    },
    "percentage": {
        "ACTIVE": 76.27151474901765,
        "INACTIVE": 23.74031007751938,
        "INVALID": 0,
        "MALICIOUS": 0,
        "SANE": 0,
        "VALID": 0,
        "total": 100.01182482653704
    }
}