{
    "counter": {
        "ACTIVE": 31959,
        "INACTIVE": 8995,
        "INVALID": 1,
        "MALICIOUS": 0,
        "SANE": 0,
        "VALID": 0,
        "total": 40955
    },
    "percentage": {
        "ACTIVE": 78.03442803076547,
        "INACTIVE": 21.97278745389257,
        "INVALID": 0.0024500796275878966,
        "MALICIOUS": 0,
        "SANE": 0,
        "VALID": 0,
        "total": 100.00966556428563
    }
}