{
    "counter": {
        "ACTIVE": 6210,
        "INACTIVE": 2040,
        "INVALID": 0,
        "MALICIOUS": 0,
        "SANE": 0,
        "VALID": 0,
        "total": 8250
    },
    "percentage": {
        "ACTIVE": 75.27272727272727,
        "INACTIVE": 24.73926752364783,
        "INVALID": 0,
        "MALICIOUS": 0,
        "SANE": 0,
        "VALID": 0,
        "total": 100.01199479637509
    }
}