{
    "counter": {
        "ACTIVE": 18919,
        "INACTIVE": 6378,
        "INVALID": 0,
        "MALICIOUS": 0,
        "SANE": 0,
        "VALID": 0,
        "total": 25297
    },
    "percentage": {
        "ACTIVE": 74.80822459470146,
        "INACTIVE": 25.212475787642802,
        "INVALID": 0,
        "MALICIOUS": 0,
        "SANE": 0,
        "VALID": 0,
        "total": 100.02070038234426
    }
}