{
    "counter": {
        "ACTIVE": 684,
        "INACTIVE": 344,
        "INVALID": 0,
        "MALICIOUS": 0,
        "SANE": 0,
        "VALID": 0,
        "total": 1028
    },
    "percentage": {
        "ACTIVE": 66.53696498054475,
        "INACTIVE": 33.891625615763544,
        "INVALID": 0,
        "MALICIOUS": 0,
        "SANE": 0,
        "VALID": 0,
        "total": 100.4285905963083
    }
}