{
    "counter": {
        "ACTIVE": 8852,
        "INACTIVE": 2712,
        "INVALID": 0,
        "MALICIOUS": 0,
        "SANE": 0,
        "VALID": 0,
        "total": 11564
    },
    "percentage": {
        "ACTIVE": 76.54790729851263,
        "INACTIVE": 23.45614945511157,
        "INVALID": 0,
        "MALICIOUS": 0,
        "SANE": 0,
        "VALID": 0,
        "total": 100.0040567536242
    }
}