{
    "counter": {
        "ACTIVE": 17294,
        "INACTIVE": 5294,
        "INVALID": 0,
        "MALICIOUS": 0,
        "SANE": 0,
        "VALID": 0,
        "total": 22588
    },
    "percentage": {
        "ACTIVE": 76.56616637889051,
        "INACTIVE": 23.43722330440942,
        "INVALID": 0,
        "MALICIOUS": 0,
        "SANE": 0,
        "VALID": 0,
        "total": 100.00338968329993
    }
}