{
    "counter": {
        "ACTIVE": 375,
        "INACTIVE": 151,
        "INVALID": 0,
        "MALICIOUS": 0,
        "SANE": 0,
        "VALID": 0,
        "total": 526
    },
    "percentage": {
        "ACTIVE": 71.56488549618321,
        "INACTIVE": 28.70722433460076,
        "INVALID": 0,
        "MALICIOUS": 0,
        "SANE": 0,
        "VALID": 0,
        "total": 100.27210983078396
    }
}