{
    "counter": {
        "ACTIVE": 5205,
        "INACTIVE": 1588,
        "INVALID": 0,
        "MALICIOUS": 0,
        "SANE": 0,
        "VALID": 0,
        "total": 6793
    },
    "percentage": {
        "ACTIVE": 76.62299425879581,
        "INACTIVE": 23.38044758539458,
        "INVALID": 0,
        "MALICIOUS": 0,
        "SANE": 0,
        "VALID": 0,
        "total": 100.00344184419039
    }
}