{
    "counter": {
        "ACTIVE": 19286,
        "INACTIVE": 6885,
        "INVALID": 0,
        "MALICIOUS": 0,
        "SANE": 0,
        "VALID": 0,
        "total": 26171
    },
    "percentage": {
        "ACTIVE": 73.70915344926428,
        "INACTIVE": 26.307745214168353,
        "INVALID": 0,
        "MALICIOUS": 0,
        "SANE": 0,
        "VALID": 0,
        "total": 100.01689866343263
    }
}