{
    "counter": {
        "ACTIVE": 12919,
        "INACTIVE": 4289,
        "INVALID": 0,
        "MALICIOUS": 0,
        "SANE": 0,
        "VALID": 0,
        "total": 17208
    },
    "percentage": {
        "ACTIVE": 75.07554625755462,
        "INACTIVE": 24.927350924096245,
        "INVALID": 0,
        "MALICIOUS": 0,
        "SANE": 0,
        "VALID": 0,
        "total": 100.00289718165087
    }
}