{
    "counter": {
        "ACTIVE": 9122,
        "INACTIVE": 3394,
        "INVALID": 0,
        "MALICIOUS": 0,
        "SANE": 0,
        "VALID": 0,
        "total": 12516
    },
    "percentage": {
        "ACTIVE": 72.92932523185162,
        "INACTIVE": 27.11728986896772,
        "INVALID": 0,
        "MALICIOUS": 0,
        "SANE": 0,
        "VALID": 0,
        "total": 100.04661510081934
    }
}