{
    "counter": {
        "ACTIVE": 31258,
        "INACTIVE": 8889,
        "INVALID": 0,
        "MALICIOUS": 0,
        "SANE": 0,
        "VALID": 0,
        "total": 40147
    },
    "percentage": {
        "ACTIVE": 77.85886865768302,
        "INACTIVE": 22.182571371531242,
        "INVALID": 0,
        "MALICIOUS": 0,
        "SANE": 0,
        "VALID": 0,
        "total": 100.04144002921426
    }
}