{
    "counter": {
        "ACTIVE": 16342,
        "INACTIVE": 5034,
        "INVALID": 0,
        "MALICIOUS": 0,
        "SANE": 0,
        "VALID": 0,
        "total": 21376
    },
    "percentage": {
        "ACTIVE": 76.4502245508982,
        "INACTIVE": 23.56631243855625,
        "INVALID": 0,
        "MALICIOUS": 0,
        "SANE": 0,
        "VALID": 0,
        "total": 100.01653698945445
    }
}