{
    "counter": {
        "ACTIVE": 32517,
        "INACTIVE": 9242,
        "INVALID": 4,
        "MALICIOUS": 0,
        "SANE": 0,
        "VALID": 0,
        "total": 41763
    },
    "percentage": {
        "ACTIVE": 77.86078586308454,
        "INACTIVE": 22.130166179780662,
        "INVALID": 0.009763718023823472,
        "MALICIOUS": 0,
        "SANE": 0,
        "VALID": 0,
        "total": 100.00071576088902
    }
}