{
    "counter": {
        "ACTIVE": 12816,
        "INACTIVE": 4258,
        "INVALID": 0,
        "MALICIOUS": 0,
        "SANE": 0,
        "VALID": 0,
        "total": 17074
    },
    "percentage": {
        "ACTIVE": 75.06149701300222,
        "INACTIVE": 24.939963685351138,
        "INVALID": 0,
        "MALICIOUS": 0,
        "SANE": 0,
        "VALID": 0,
        "total": 100.00146069835336
    }
}