{
    "counter": {
        "ACTIVE": 30034,
        "INACTIVE": 8834,
        "INVALID": 0,
        "MALICIOUS": 0,
        "SANE": 0,
        "VALID": 0,
        "total": 38868
    },
    "percentage": {
        "ACTIVE": 77.27179170525882,
        "INACTIVE": 23.01839595601647,
        "INVALID": 0,
        "MALICIOUS": 0,
        "SANE": 0,
        "VALID": 0,
        "total": 100.2901876612753
    }
}