{
    "counter": {
        "ACTIVE": 10004,
        "INACTIVE": 3675,
        "INVALID": 0,
        "MALICIOUS": 0,
        "SANE": 0,
        "VALID": 0,
        "total": 13679
    },
    "percentage": {
        "ACTIVE": 73.13400102346662,
        "INACTIVE": 26.911247803163445,
        "INVALID": 0,
        "MALICIOUS": 0,
        "SANE": 0,
        "VALID": 0,
        "total": 100.04524882663007
    }
}