{
    "counter": {
        "ACTIVE": 27302,
        "INACTIVE": 8549,
        "INVALID": 0,
        "MALICIOUS": 0,
        "SANE": 0,
        "VALID": 0,
        "total": 35851
    },
    "percentage": {
        "ACTIVE": 76.211478338544,
        "INACTIVE": 23.84591782655993,
        "INVALID": 0,
        "MALICIOUS": 0,
        "SANE": 0,
        "VALID": 0,
        "total": 100.05739616510392
    }
}