{
    "counter": {
        "ACTIVE": 7530,
        "INACTIVE": 2334,
        "INVALID": 0,
        "MALICIOUS": 0,
        "SANE": 0,
        "VALID": 0,
        "total": 9864
    },
    "percentage": {
        "ACTIVE": 76.338199513382,
        "INACTIVE": 23.8674711115656,
        "INVALID": 0,
        "MALICIOUS": 0,
        "SANE": 0,
        "VALID": 0,
        "total": 100.2056706249476
    }
}