{
    "counter": {
        "ACTIVE": 28221,
        "INACTIVE": 8629,
        "INVALID": 0,
        "MALICIOUS": 0,
        "SANE": 0,
        "VALID": 0,
        "total": 36850
    },
    "percentage": {
        "ACTIVE": 76.58344640434193,
        "INACTIVE": 23.424817438987976,
        "INVALID": 0,
        "MALICIOUS": 0,
        "SANE": 0,
        "VALID": 0,
        "total": 100.0082638433299
    }
}